{"lr_logging/pg1": 0.001, "lr_logging/pg2": 0.0001, "trainer/global_step": 0, "_timestamp": 1682706856.4831831, "_runtime": 185.56546902656555, "_step": 0, "_wandb": {"runtime": 221}}