{"lr_logging/pg1": 0.001, "lr_logging/pg2": 0.0001, "trainer/global_step": 39, "_timestamp": 1683072529.162174, "_runtime": 8724.750524044037, "_step": 325, "train_macro_acc_step_step": 0.9285714626312256, "train_loss_step": 4.031589984893799, "train_bce_loss_step": 0.6928467154502869, "train_center_loss_step": 17.212167739868164, "train_triplet_loss_step": 0.7925017476081848, "epoch": 3, "val_macro_acc_step_step": 0.6285714507102966, "val_loss_step": 6.49765682220459, "val_bce_loss_step": 0.8046274185180664, "val_center_loss_step": 28.7655086517334, "val_triplet_loss_step": 1.092777967453003, "val_acc_step": 0.7196969985961914, "val_macro_acc_step_epoch": 0.6590414047241211, "val_loss_epoch": 5.9504594802856445, "val_bce_loss_epoch": 0.8025841116905212, "val_center_loss_epoch": 26.271251678466797, "val_triplet_loss_epoch": 0.9572756886482239, "val_acc_epoch": 0.7196969985961914, "val_macro_acc_epoch": 0.6590414047241211, "train_acc_step": 0.7095237970352173, "train_macro_acc_step_epoch": 0.665597140789032, "train_loss_epoch": 6.256187915802002, "train_bce_loss_epoch": 0.823422372341156, "train_center_loss_epoch": 27.748910903930664, "train_triplet_loss_epoch": 0.9596179723739624, "train_acc_epoch": 0.7095237970352173, "train_macro_acc_epoch": 0.665597140789032}