{"lr_logging/pg1": 0.001, "lr_logging/pg2": 0.0001, "trainer/global_step": 35, "_timestamp": 1682469842.90673, "_runtime": 7860.4341769218445, "_step": 83, "train_macro_acc_step_step": 0.5, "train_loss_step": 5.3276896476745605, "train_bce_loss_step": 0.8273231387138367, "train_center_loss_step": 23.65315818786621, "train_triplet_loss_step": 0.6421782374382019, "epoch": 0, "val_macro_acc_step_step": 0.5, "val_loss_step": 7.1709723472595215, "val_bce_loss_step": 0.8658022880554199, "val_center_loss_step": 32.49308395385742, "val_triplet_loss_step": 0.8078429698944092, "val_acc_step": 0.3863636255264282, "val_macro_acc_step_epoch": 0.5, "val_loss_epoch": 6.350056171417236, "val_bce_loss_epoch": 0.8439851403236389, "val_center_loss_epoch": 28.409812927246094, "val_triplet_loss_epoch": 0.8237162828445435, "val_acc_epoch": 0.3863636255264282, "val_macro_acc_epoch": 0.5, "train_acc_step": 0.39523810148239136, "train_macro_acc_step_epoch": 0.4946169853210449, "train_loss_epoch": 7.480130672454834, "train_bce_loss_epoch": 0.8678982257843018, "train_center_loss_epoch": 33.845611572265625, "train_triplet_loss_epoch": 0.9155809879302979, "train_acc_epoch": 0.39523810148239136, "train_macro_acc_epoch": 0.4946169853210449, "_wandb": {"runtime": 7954}}