{"lr_logging/pg1": 0.001, "lr_logging/pg2": 0.0001, "trainer/global_step": 4, "_timestamp": 1682102038.308318, "_runtime": 363.8048629760742, "_step": 8, "train_macro_acc_step_step": 0.6499999761581421, "train_loss_step": 9.676456451416016, "train_bce_loss_step": 0.7583685517311096, "train_center_loss_step": 44.799800872802734, "train_triplet_loss_step": 1.072088599205017, "epoch": 0, "_wandb": {"runtime": 367}}