{"lr_logging/pg1": 0.001, "lr_logging/pg2": 0.0001, "trainer/global_step": 6, "_timestamp": 1682101642.782711, "_runtime": 464.8300631046295, "_step": 12, "train_macro_acc_step_step": 0.4000000059604645, "train_loss_step": 9.732171058654785, "train_bce_loss_step": 0.9190216064453125, "train_center_loss_step": 44.83551025390625, "train_triplet_loss_step": 1.0043129920959473, "epoch": 0, "_wandb": {"runtime": 476}}