{"lr_logging/pg1": 0.001, "lr_logging/pg2": 0.0001, "trainer/global_step": 1, "_timestamp": 1682101122.017727, "_runtime": 129.790020942688, "_step": 2, "train_macro_acc_step_step": 0.5, "train_loss_step": 12.793268203735352, "train_bce_loss_step": 0.8256300091743469, "train_center_loss_step": 60.34910583496094, "train_triplet_loss_step": 1.0054670572280884, "epoch": 0, "_wandb": {"runtime": 168}}