{"lr_logging/pg1": 0.001, "lr_logging/pg2": 0.0001, "trainer/global_step": 36, "_timestamp": 1682478898.356858, "_runtime": 8895.140886068344, "_step": 322, "train_macro_acc_step_step": 0.6499999761581421, "train_loss_step": 5.532034873962402, "train_bce_loss_step": 0.8585467338562012, "train_center_loss_step": 22.770299911499023, "train_triplet_loss_step": 1.6903681755065918, "epoch": 3, "val_macro_acc_step_step": 0.5625, "val_loss_step": 5.277828693389893, "val_bce_loss_step": 0.7181171774864197, "val_center_loss_step": 21.283796310424805, "val_triplet_loss_step": 1.994049072265625, "val_acc_step": 0.689393937587738, "val_macro_acc_step_epoch": 0.6960784196853638, "val_loss_epoch": 5.3816819190979, "val_bce_loss_epoch": 0.7843704223632812, "val_center_loss_epoch": 23.485754013061523, "val_triplet_loss_epoch": 0.9473250508308411, "val_acc_epoch": 0.689393937587738, "val_macro_acc_epoch": 0.6960784196853638, "train_acc_step": 0.7095237970352173, "train_macro_acc_step_epoch": 0.6883097887039185, "train_loss_epoch": 5.571177005767822, "train_bce_loss_epoch": 0.8005855679512024, "train_center_loss_epoch": 24.464033126831055, "train_triplet_loss_epoch": 0.908876895904541, "train_acc_epoch": 0.7095237970352173, "train_macro_acc_epoch": 0.6883097887039185, "_wandb": {"runtime": 8898}}